{
    "PERSONAL-ADDRESS": {
        "precision": 0.5327868852459017,
        "recall": 0.5803571428571429,
        "f1-score": 0.5555555555555557,
        "support": 112
    },
    "PERSONAL-ADMIN": {
        "precision": 0.7263157894736842,
        "recall": 0.9484536082474226,
        "f1-score": 0.8226527570789866,
        "support": 291
    },
    "PERSONAL-ARTISTIC": {
        "precision": 0.0,
        "recall": 0.0,
        "f1-score": 0.0,
        "support": 0
    },
    "PERSONAL-COMPANY": {
        "precision": 0.7647058823529411,
        "recall": 0.4642857142857143,
        "f1-score": 0.5777777777777777,
        "support": 28
    },
    "PERSONAL-DATE": {
        "precision": 0.9142857142857143,
        "recall": 0.8311688311688312,
        "f1-score": 0.8707482993197279,
        "support": 77
    },
    "PERSONAL-DEGREE": {
        "precision": 0.0,
        "recall": 0.0,
        "f1-score": 0.0,
        "support": 2
    },
    "PERSONAL-FACULTY": {
        "precision": 1.0,
        "recall": 0.6666666666666666,
        "f1-score": 0.8,
        "support": 3
    },
    "PERSONAL-FAMILY": {
        "precision": 0.0,
        "recall": 0.0,
        "f1-score": 0.0,
        "support": 0
    },
    "PERSONAL-INFO": {
        "precision": 0.9,
        "recall": 0.5625,
        "f1-score": 0.6923076923076923,
        "support": 32
    },
    "PERSONAL-JOB": {
        "precision": 0.3333333333333333,
        "recall": 1.0,
        "f1-score": 0.5,
        "support": 1
    },
    "PERSONAL-LICENSE": {
        "precision": 0.375,
        "recall": 1.0,
        "f1-score": 0.5454545454545454,
        "support": 12
    },
    "PERSONAL-LOCATION": {
        "precision": 0.8211586901763224,
        "recall": 0.8316326530612245,
        "f1-score": 0.8263624841571608,
        "support": 392
    },
    "PERSONAL-NAME": {
        "precision": 0.94875,
        "recall": 0.9233576642335767,
        "f1-score": 0.9358816276202219,
        "support": 822
    },
    "PERSONAL-OTHER": {
        "precision": 0.64,
        "recall": 0.6666666666666666,
        "f1-score": 0.6530612244897959,
        "support": 24
    },
    "PERSONAL-POSITION": {
        "precision": 0.7897574123989218,
        "recall": 0.8851963746223565,
        "f1-score": 0.8347578347578347,
        "support": 331
    },
    "PERSONAL-TIME": {
        "precision": 1.0,
        "recall": 1.0,
        "f1-score": 1.0,
        "support": 17
    },
    "PERSONAL-VEHICLE": {
        "precision": 0.6,
        "recall": 0.75,
        "f1-score": 0.6666666666666665,
        "support": 16
    },
    "micro avg": {
        "precision": 0.8219298245614035,
        "recall": 0.8675925925925926,
        "f1-score": 0.8441441441441442,
        "support": 2160
    },
    "macro avg": {
        "precision": 0.6085937474862834,
        "recall": 0.6535461954005648,
        "f1-score": 0.6047780273638803,
        "support": 2160
    },
    "weighted avg": {
        "precision": 0.8354683027670187,
        "recall": 0.8675925925925926,
        "f1-score": 0.8469040014396293,
        "support": 2160
    }
}